country,women_rep,women_decisons,female_suffrage,gender_equality
Rwanda,57.375,64.2,100,2.12655
Sweden,45.6015,NA,100,2.627
Cuba,45.525,NA,100,2.10605
Finland,41.75,NA,100,2.6557999999999997
South Africa,40.306,64.9,100,1.0295
Norway,39.7305,NA,100,2.663
Iceland,38.7305,NA,100,2.912
Costa Rica,38.684,NA,100,2.676
Denmark,38.4925,NA,100,3.288
Mozambique,38.252631578947366,49.1,100,1.506
Belgium,38.166,NA,100,2.934
Spain,38.1485,NA,100,2.4428
Argentina,38.102105263157895,NA,100,3.10785
Netherlands,37.9005,NA,100,2.7078
New Zealand,35.483,NA,100,2.845
Mexico,35.0685,NA,100,1.119
Nicaragua,34.5375,NA,100,0.8029999999999999
Bolivia,34.3065,NA,100,1.41875
Tanzania,33.33,46.8,100,0.9016500000000001
Timor-Leste,33.254,40,100,1.09035
Germany,33.136,NA,100,3.325
Austria,33.06,NA,100,3.357
Namibia,33.056315789473686,69.15,100,1.3094999999999999
Senegal,32.923,8.05,100,1.212
Ecuador,32.3485,86.7,100,2.0475
North Macedonia,32.295,88.1,100,1.5904
Uganda,32.042,53,100,1.4293
Burundi,32.0355,46.5,90,1.46
Switzerland,31.525,NA,100,2.308
Belarus,31.2485,NA,100,2.56845
Guyana,30.909,71.3,100,1.1655
Portugal,30.347,NA,100,3.0994
Serbia,29.91764705882353,96.2,100,1.8294
Angola,29.5455,62,100,0.78545
Seychelles,29.2655,NA,100,2.4653
Ethiopia,29.005,49.3,100,-0.0897
South Sudan,28.2975,NA,100,-1.1439166666666667
Afghanistan,27.55625,NA,95,-0.9794
Australia,27.458000000000002,NA,100,3.3592500000000003
Trinidad and Tobago,26.721,NA,100,2.04515
Vietnam,26.41,NA,100,1.6990999999999998
Peru,26.298,NA,100,0.6244000000000001
Iraq,25.94235294117647,NA,90,-0.66625
Tunisia,25.866,NA,100,1.7598
Nepal,25.72421052631579,53.6,75,0.88525
France,25.432000000000002,NA,100,3.303
Italy,25.339000000000002,NA,100,3.468
Luxembourg,25.2485,NA,100,2.8092
United Kingdom,25.1715,NA,100,2.5692
Laos,25.070999999999998,NA,100,1.7312
Canada,24.7275,NA,100,2.5191
Slovenia,24.6105,NA,100,2.533
Poland,24.112,NA,100,2.61795
Philippines,23.761,81,100,1.9197
Singapore,23.2915,NA,100,2.342
El Salvador,23.273,NA,100,0.34430000000000005
Zimbabwe,22.990499999999997,57.06666666666666,100,0.5121
Bulgaria,22.9375,NA,100,2.663
Moldova,22.77,72.9,100,2.18165
United Arab Emirates,22.75,NA,14.299150000000003,0.62725
Estonia,22.6805,NA,100,3.246
Latvia,22.65,NA,100,2.5347
Croatia,22.571578947368423,NA,100,2.71175
China,22.56,NA,100,1.078
Dominican Republic,22.314,77,100,1.25755
Suriname,22.1555,NA,100,1.0746
Lithuania,22.075,NA,100,2.2247
Sudan,22.0375,NA,75,-0.19765000000000002
Eritrea,22,NA,0,0.0014999999999999651
Lesotho,21.9215,57.45,95,0.9337
Cameroon,21.917,43.3,100,1.90975
Turkmenistan,21.52722222222222,59.3,100,0.6
Guinea,21.173846153846153,25.799999999999997,90,0.2771052631578947
Pakistan,21.1615,40.3,100,1.0030999999999999
Cape Verde,21.110999999999997,NA,100,1.88035
Israel,21.041999999999998,NA,100,1.958
Honduras,20.83277777777778,70.3,100,1.2352
Kazakhstan,20.828500000000002,NA,100,2.1854
Uzbekistan,20.234,NA,100,1.08305
Mauritania,19.996111111111112,NA,95,0.0433
Czechia,19.875,NA,100,2.8419
United States of America,19.428,NA,100,2.746
Bosnia and Herzegovina,19.287,NA,100,1.7873000000000001
Slovakia,19.1005,NA,100,2.412
Tajikistan,18.785,36.95,100,0.05865000000000001
Albania,18.6285,65.25,100,1.7373
Kyrgyzstan,18.33,76.6,100,1.38635
Cambodia,18.09,75.1,100,0.57
Chile,18.089473684210525,NA,100,1.199
Montenegro,18.01,NA,100,0.74485
Malawi,17.9985,44.45,100,-0.5538
Greece,17.7845,NA,100,2.927
Venezuela,17.700526315789475,NA,100,2.8891999999999998
North Korea,17.381052631578946,NA,100,1.504
Ireland,17.0905,NA,100,1.68255
Algeria,17.0375,NA,100,1.4296
Equatorial Guinea,17.006315789473682,NA,100,-0.38665
Bangladesh,16.846842105263157,64.3,90,0.22955
Indonesia,16.392500000000002,NA,100,1.1408
Morocco,15.955,NA,100,0.78225
Jamaica,15.9525,NA,100,2.972
Djibouti,15.931,NA,100,-1.106
Mauritius,15.884,NA,100,2.2418
Panama,15.8375,79.1,100,2.5402
Uruguay,15.6045,NA,100,2.4460499999999996
Fiji,15.385,NA,65,0.70855
Barbados,15.3335,NA,100,2.2064500000000002
South Korea,15.311,NA,100,2.0482
Colombia,15.007,NA,100,0.6713
Azerbaijan,14.8295,NA,100,1.4439
Kenya,14.7185,56,100,1.56545
Somalia,14.671764705882353,NA,0,-2.00545
Romania,14.4825,NA,100,2.783
Niger,14.39421052631579,8.3,95,1.5061
Gabon,14.386315789473684,48,100,1.5868
Cyprus,14.3755,NA,100,2.6057
Sao Tome and Principe,14.3635,46,100,1.45
Zambia,14.315,45.13333333333333,100,1.782
Madagascar,14.226842105263158,73.6,80,1.35325
Togo,13.604500000000002,29.6,100,1.14955
Armenia,13.532,65.15,100,1.6475
Russia,13.456,NA,100,1.84145
Paraguay,13.375,NA,100,1.393
Guatemala,13.244,64.8,100,0.8145
Guinea-Bissau,13.03,NA,90,1.224
Sierra Leone,12.9805,38.25,100,1.24025
Libya,12.961176470588235,NA,92.0178,0.05094999999999996
Mali,12.638421052631578,7.933333333333334,100,0.4583999999999999
Burkina Faso,12.566842105263158,20.3,100,1.93965
Chad,12.475,27.1,100,-0.3006315789473684
Syria,12.22,NA,59.30685,1.1579
Turkey,12.118500000000001,NA,100,1.16745
Georgia,11.901,82.4,95,2.0951
Malta,11.7965,NA,100,2.06295
Mongolia,11.62,63.2,100,2.4134
Ukraine,11.3395,81,95.5082,2.6252
Thailand,11.328,NA,90,2.054
India,11.1785,NA,100,1.1994
Malaysia,11.138,NA,100,0.6688
Liberia,11.0615,64.7,85,1.363
Ghana,11.027894736842105,53.05,100,2.72995
Brazil,10.683,NA,100,2.2306500000000002
Hungary,10.596,NA,100,2.553
Jordan,10.322000000000001,66.65,100,1.4263
Central African Republic,10.223333333333333,NA,75.028,0.18675
Egypt,10.219411764705882,NA,90,0.51745
Botswana,10.1645,NA,100,1.4077
Ivory Coast,10.055,25.2,75,1.25535
Eswatini,10.01,48.9,100,-0.5557
Saudi Arabia,9.935,NA,0,-1.3993
Democratic Republic of the Congo,9.926666666666666,25,54.8224,1.08265
Bhutan,9.763,NA,75,1.4855
The Gambia,9.731,31.95,100,1.6266
Japan,9.375,NA,100,1.307
Burma/Myanmar,9.321666666666665,67.5,60,-0.026700000000000078
Republic of the Congo,8.911999999999999,26.8,100,0.89595
Benin,8.2005,38.333333333333336,100,2.445
Bahrain,7.625,NA,47,0.0585
Maldives,7.0125,57.9,100,1.0265499999999999
Nigeria,5.8375,48.06666666666666,100,0.8308
Comoros,5.502631578947368,20.8,95,0.8321
Sri Lanka,5.4275,NA,100,1.8499999999999999
Iran,4.2235,NA,100,-0.4611
Lebanon,3.8265000000000002,NA,84.2192,0.97665
Haiti,3.8170588235294116,56.3,90,-0.20950000000000002
Kuwait,3.6535,NA,90,-0.2432
Qatar,2.8188235294117643,NA,3.5,-0.763
Solomon Islands,2.0250000000000004,NA,100,-1.1739
Vanuatu,1.6355,NA,100,0.676
Oman,1.37,NA,100,-0.586
Papua New Guinea,1.176,56.7,100,-0.932
Yemen,0.231,NA,100,-1.4777
Hong Kong,NA,NA,100,2.396
Kosovo,NA,NA,100,0.10890000000000001
Palestine/Gaza,NA,NA,0,0.9577500000000001
Palestine/West Bank,NA,NA,36.874900000000004,0.45845
Somaliland,NA,NA,100,-1.823
Taiwan,NA,NA,100,2.1901
Zanzibar,NA,NA,100,1.1115
